"SQN_ID","SQN_E_ID","SQN_QN_Tag","SQN_QN1","SQN_QN2","SQN_QN3","SQN_QN4","SQN_QN5","SQN_QN6","SQN_Case","SQN_Label","SQN_SLAP_Label","SQN_ValueFloat","SQN_ValueString","SQN_ColumnValue","SQN_ColumnValueFunction","SQN_SpinRef","SQN_Attribute","SQN_Order","SQN_Comment"
520,238,303,,,,,,,"asymcs","vi","VibrationalNu",0,"",,"","","",6,""
525,239,303,,,,,,,"asymcs","vi","VibrationalNu",0,"",,"","","",6,""
530,240,303,,,,,,,"asymcs","vi","VibrationalNu",0,"",,"","","",6,""
535,257,303,,,,,,,"asymcs","vi","VibrationalNu",0,"",,"","","",6,""
540,259,303,,,,,,,"asymcs","vi","VibrationalNu",0,"",,"","","",6,""
545,260,303,,,,,,,"asymcs","vi","VibrationalNu",0,"",,"","","",6,""
550,261,303,,,,,,,"asymcs","vi","VibrationalNu",0,"",,"","","",6,""
555,262,303,,,,,,,"asymcs","vi","VibrationalNu",0,"",,"","","",6,""
560,301,303,,,,,,,"asymcs","vi","VibrationalNu",0,"",,"","","",6,""
565,302,303,,,,,,,"asymcs","vi","VibrationalNu",0,"",,"","","",6,""
570,313,303,,,,,,,"asymcs","vi","VibrationalNu",0,"",,"","","",6,""
575,314,303,,,,,,,"asymcs","vi","VibrationalNu",0,"",,"","","",6,""
580,359,303,,,,,,,"asymcs","vi","VibrationalNu",0,"",,"","","",6,""
585,409,303,,,,,,,"asymcs","vi","VibrationalNu",0,"",,"","","",6,""
590,410,303,,,,,,,"asymcs","vi","VibrationalNu",0,"",,"","","",6,""
595,468,303,,,,,,,"asymcs","vi","VibrationalNu",0,"",,"","","",6,""
600,473,303,,,,,,,"asymcs","vi","VibrationalNu",0,"",,"","","",6,""
605,479,303,,,,,,,"asymcs","vi","VibrationalNu",0,"",,"","","",6,""
610,480,303,,,,,,,"asymcs","vi","VibrationalNu",0,"",,"","","",6,""
615,486,303,,,,,,,"asymcs","vi","VibrationalNu",0,"",,"","","",6,""
620,504,303,,,,,,,"asymcs","vi","VibrationalNu",0,"",,"","","",6,""
625,528,303,,,,,,,"asymcs","vi","VibrationalNu",0,"",,"","","",6,""
650,570,303,,,,,,,"asymcs","vi","VibrationalNu",0,"",,"","","",6,""
655,578,303,,,,,,,"asymcs","vi","VibrationalNu",0,"",,"","","",6,""
660,579,303,,,,,,,"asymcs","vi","VibrationalNu",0,"",,"","","",6,""
665,614,303,,,,,,,"asymcs","vi","VibrationalNu",0,"",,"","","",6,""
670,639,303,,,,,,,"asymcs","vi","VibrationalNu",0,"",,"","","",6,""
1742,515,304,,,,,,,"nlp","vi","VibrationalNu",0,"",,"","","",6,""
700,91,303,,,,,,,"nlp","vi","VibrationalNu",0,"",,"","","",6,""
705,107,303,,,,,,,"nlp","vi","VibrationalNu",0,"",,"","","",6,""
710,108,303,,,,,,,"nlp","vi","VibrationalNu",0,"",,"","","",6,""
715,109,303,,,,,,,"nlp","vi","VibrationalNu",0,"",,"","","",6,""
720,110,303,,,,,,,"nlp","vi","VibrationalNu",0,"",,"","","",6,""
725,127,303,,,,,,,"nlp","vi","VibrationalNu",0,"",,"","","",6,""
730,128,303,,,,,,,"nlp","vi","VibrationalNu",0,"",,"","","",6,""
735,142,303,,,,,,,"nlp","vi","VibrationalNu",0,"",,"","","",6,""
740,144,303,,,,,,,"nlp","vi","VibrationalNu",0,"",,"","","",6,""
755,211,303,,,,,,,"nlp","vi","VibrationalNu",0,"",,"","","",6,""
760,218,303,,,,,,,"nlp","vi","VibrationalNu",0,"",,"","","",6,""
765,224,303,,,,,,,"nlp","vi","VibrationalNu",0,"",,"","","",6,""
770,225,303,,,,,,,"nlp","vi","VibrationalNu",0,"",,"","","",6,""
775,230,303,,,,,,,"nlp","vi","VibrationalNu",0,"",,"","","",6,""
780,244,303,,,,,,,"nlp","vi","VibrationalNu",0,"",,"","","",6,""
785,246,303,,,,,,,"nlp","vi","VibrationalNu",0,"",,"","","",6,""
790,248,303,,,,,,,"nlp","vi","VibrationalNu",0,"",,"","","",6,""
795,265,303,,,,,,,"nlp","vi","VibrationalNu",0,"",,"","","",6,""
800,271,303,,,,,,,"nlp","vi","VibrationalNu",0,"",,"","","",6,""
805,285,303,,,,,,,"nlp","vi","VibrationalNu",0,"",,"","","",6,""
810,286,303,,,,,,,"nlp","vi","VibrationalNu",0,"",,"","","",6,""
815,287,303,,,,,,,"nlp","vi","VibrationalNu",0,"",,"","","",6,""
820,293,303,,,,,,,"nlp","vi","VibrationalNu",0,"",,"","","",6,""
825,294,303,,,,,,,"nlp","vi","VibrationalNu",0,"",,"","","",6,""
830,305,303,,,,,,,"nlp","vi","VibrationalNu",0,"",,"","","",6,""
835,306,303,,,,,,,"nlp","vi","VibrationalNu",0,"",,"","","",6,""
840,307,303,,,,,,,"nlp","vi","VibrationalNu",0,"",,"","","",6,""
845,308,303,,,,,,,"nlp","vi","VibrationalNu",0,"",,"","","",6,""
850,319,303,,,,,,,"nlp","vi","VibrationalNu",0,"",,"","","",6,""
900,400,303,,,,,,,"nlp","vi","VibrationalNu",0,"",,"","","",6,""
905,401,303,,,,,,,"nlp","vi","VibrationalNu",0,"",,"","","",6,""
910,436,303,,,,,,,"nlp","vi","VibrationalNu",0,"",,"","","",6,""
915,446,303,,,,,,,"nlp","vi","VibrationalNu",0,"",,"","","",6,""
920,447,303,,,,,,,"nlp","vi","VibrationalNu",0,"",,"","","",6,""
925,448,303,,,,,,,"nlp","vi","VibrationalNu",0,"",,"","","",6,""
930,449,303,,,,,,,"nlp","vi","VibrationalNu",0,"",,"","","",6,""
940,452,303,,,,,,,"nlp","vi","VibrationalNu",0,"",,"","","",6,""
945,456,303,,,,,,,"nlp","vi","VibrationalNu",0,"",,"","","",6,""
950,457,303,,,,,,,"nlp","vi","VibrationalNu",0,"",,"","","",6,""
955,458,303,,,,,,,"nlp","vi","VibrationalNu",0,"",,"","","",6,""
960,459,303,,,,,,,"nlp","vi","VibrationalNu",0,"",,"","","",6,""
965,460,303,,,,,,,"nlp","vi","VibrationalNu",0,"",,"","","",6,""
970,461,303,,,,,,,"nlp","vi","VibrationalNu",0,"",,"","","",6,""
975,462,303,,,,,,,"nlp","vi","VibrationalNu",0,"",,"","","",6,""
980,483,303,,,,,,,"nlp","vi","VibrationalNu",0,"",,"","","",6,""
985,484,303,,,,,,,"nlp","vi","VibrationalNu",0,"",,"","","",6,""
990,519,303,,,,,,,"nlp","vi","VibrationalNu",0,"",,"","","",6,""
1005,546,303,,,,,,,"nlp","vi","VibrationalNu",0,"",,"","","",6,""
1020,658,303,,,,,,,"nlp","vi","VibrationalNu",0,"",,"","","",6,""
1025,676,303,,,,,,,"nlp","vi","VibrationalNu",0,"",,"","","",6,""
1030,677,303,,,,,,,"nlp","vi","VibrationalNu",0,"",,"","","",6,""
1040,725,303,,,,,,,"asymcs","vi","VibrationalNu",0,"",,"","","",6,""
1045,714,303,,,,,,,"asymcs","vi","VibrationalNu",0,"",,"","","",6,""
1055,116,303,,,,,,,"asymcs","vi","VibrationalNu",0,"",,"","","",6,""
1060,131,303,,,,,,,"asymcs","vi","VibrationalNu",0,"",,"","","",6,""
1070,134,303,,,,,,,"asymcs","vi","VibrationalNu",0,"",,"","","",6,""
1075,147,303,,,,,,,"asymcs","vi","VibrationalNu",0,"",,"","","",6,""
1080,148,303,,,,,,,"asymcs","vi","VibrationalNu",0,"",,"","","",6,""
1085,155,303,,,,,,,"asymcs","vi","VibrationalNu",0,"",,"","","",6,""
1090,176,303,,,,,,,"asymcs","vi","VibrationalNu",0,"",,"","","",6,""
1095,203,303,,,,,,,"asymcs","vi","VibrationalNu",0,"",,"","","",6,""
1100,216,303,,,,,,,"asymcs","vi","VibrationalNu",0,"",,"","","",6,""
1105,227,303,,,,,,,"asymcs","vi","VibrationalNu",0,"",,"","","",6,""
1110,304,303,,,,,,,"asymcs","vi","VibrationalNu",0,"",,"","","",6,""
1115,315,303,,,,,,,"asymcs","vi","VibrationalNu",0,"",,"","","",6,""
1120,333,303,,,,,,,"asymcs","vi","VibrationalNu",0,"",,"","","",6,""
1125,334,303,,,,,,,"asymcs","vi","VibrationalNu",0,"",,"","","",6,""
1135,235,303,,,,,,,"asymcs","vi","VibrationalNu",0,"",,"","","",6,""
1145,734,303,,,,,,,"asymcs","vi","VibrationalNu",0,"",,"","","",6,""
1155,749,303,,,,,,,"asymcs","vi","VibrationalNu",0,"",,"","","",6,""
1160,759,303,,,,,,,"asymcs","vi","VibrationalNu",0,"",,"","","",6,""
1165,770,303,,,,,,,"asymcs","vi","VibrationalNu",0,"",,"","","",6,""
1170,777,303,,,,,,,"asymcs","vi","VibrationalNu",0,"",,"","","",6,""
1175,782,303,,,,,,,"asymcs","vi","VibrationalNu",0,"",,"","","",6,""
1180,783,303,,,,,,,"asymcs","vi","VibrationalNu",0,"",,"","","",6,""
1185,804,303,,,,,,,"asymcs","vi","VibrationalNu",0,"",,"","","",6,""
1195,816,303,,,,,,,"asymcs","vi","VibrationalNu",0,"",,"","","",6,""
1200,823,303,,,,,,,"asymcs","vi","VibrationalNu",0,"",,"","","",6,""
1205,838,303,,,,,,,"asymcs","vi","VibrationalNu",0,"",,"","","",6,""
1210,853,303,,,,,,,"asymcs","vi","VibrationalNu",0,"",,"","","",6,""
1215,858,303,,,,,,,"asymcs","vi","VibrationalNu",0,"",,"","","",6,""
1225,877,303,,,,,,,"asymcs","vi","VibrationalNu",0,"",,"","","",6,""
1230,883,303,,,,,,,"asymcs","vi","VibrationalNu",0,"",,"","","",6,""
1235,888,303,,,,,,,"asymcs","vi","VibrationalNu",0,"",,"","","",6,""
1240,896,303,,,,,,,"asymcs","vi","VibrationalNu",0,"",,"","","",6,""
1245,901,303,,,,,,,"asymcs","vi","VibrationalNu",0,"",,"","","",6,""
1260,909,303,,,,,,,"asymcs","vi","VibrationalNu",0,"",,"","","",6,""
1265,913,303,,,,,,,"asymcs","vi","VibrationalNu",0,"",,"","","",6,""
1270,914,303,,,,,,,"asymcs","vi","VibrationalNu",0,"",,"","","",6,""
1275,916,303,,,,,,,"asymcs","vi","VibrationalNu",0,"",,"","","",6,""
1280,918,303,,,,,,,"asymcs","vi","VibrationalNu",0,"",,"","","",6,""
1305,927,303,,,,,,,"asymcs","vi","VibrationalNu",0,"",,"","","",6,""
1320,935,303,,,,,,,"asymcs","vi","VibrationalNu",0,"",,"","","",6,""
1345,947,303,,,,,,,"asymcs","vi","VibrationalNu",0,"",,"","","",6,""
1350,948,303,,,,,,,"asymcs","vi","VibrationalNu",0,"",,"","","",6,""
1360,951,303,,,,,,,"asymcs","vi","VibrationalNu",0,"",,"","","",6,""
1365,954,303,,,,,,,"asymcs","vi","VibrationalNu",0,"",,"","","",6,""
1370,955,303,,,,,,,"asymcs","vi","VibrationalNu",0,"",,"","","",6,""
1380,963,303,,,,,,,"asymcs","vi","VibrationalNu",0,"",,"","","",6,""
1385,969,303,,,,,,,"asymcs","vi","VibrationalNu",0,"",,"","","",6,""
1390,970,303,,,,,,,"asymcs","vi","VibrationalNu",0,"",,"","","",6,""
1405,976,303,,,,,,,"asymcs","vi","VibrationalNu",0,"",,"","","",6,""
1410,977,303,,,,,,,"asymcs","vi","VibrationalNu",0,"",,"","","",6,""
1415,983,303,,,,,,,"asymcs","vi","VibrationalNu",0,"",,"","","",6,""
1420,989,303,,,,,,,"asymcs","vi","VibrationalNu",0,"",,"","","",6,""
1425,992,303,,,,,,,"asymcs","vi","VibrationalNu",0,"",,"","","",6,""
1430,994,303,,,,,,,"asymcs","vi","VibrationalNu",0,"",,"","","",6,""
1440,1000,303,,,,,,,"asymcs","vi","VibrationalNu",0,"",,"","","",6,""
1445,1003,303,,,,,,,"asymcs","vi","VibrationalNu",0,"",,"","","",6,""
1450,1005,303,,,,,,,"asymcs","vi","VibrationalNu",0,"",,"","","",6,""
1736,514,304,,,,,,,"nlp","vi","VibrationalNu",0,"",,"","","",6,""
1730,513,304,,,,,,,"nlp","vi","VibrationalNu",0,"",,"","","",6,""
1724,512,304,,,,,,,"nlp","vi","VibrationalNu",0,"",,"","","",6,""
1718,511,304,,,,,,,"nlp","vi","VibrationalNu",0,"",,"","","",6,""
1712,462,304,,,,,,,"nlp","vi","VibrationalNu",0,"",,"","","",6,""
1706,461,304,,,,,,,"nlp","vi","VibrationalNu",0,"",,"","","",6,""
1700,459,304,,,,,,,"nlp","vi","VibrationalNu",0,"",,"","","",6,""
1694,458,304,,,,,,,"nlp","vi","VibrationalNu",0,"",,"","","",6,""
1688,457,304,,,,,,,"nlp","vi","VibrationalNu",0,"",,"","","",6,""
1682,430,304,,,,,,,"nlp","vi","VibrationalNu",0,"",,"","","",6,""
1676,267,304,,,,,,,"nlp","vi","VibrationalNu",0,"",,"","","",6,""
1670,265,304,,,,,,,"nlp","vi","VibrationalNu",0,"",,"","","",6,""
1664,249,304,,,,,,,"nlp","vi","VibrationalNu",0,"",,"","","",6,""
1658,247,304,,,,,,,"nlp","vi","VibrationalNu",0,"",,"","","",6,""
1652,231,304,,,,,,,"nlp","vi","VibrationalNu",0,"",,"","","",6,""
1634,110,304,,,,,,,"nlp","vi","VibrationalNu",0,"",,"","","",6,""
1628,91,304,,,,,,,"nlp","vi","VibrationalNu",0,"",,"","","",6,""
1616,235,304,,,,,,,"asymcs","vi","VibrationalNu",0,"",,"","","",6,""
1748,479,304,,,,,,,"asymcs","vi","VibrationalNu",0,"",,"","","",6,""
1754,725,304,,,,,,,"asymcs","vi","VibrationalNu",0,"",,"","","",6,""
1760,783,304,,,,,,,"asymcs","vi","VibrationalNu",0,"",,"","","",6,""
1766,816,304,,,,,,,"asymcs","vi","VibrationalNu",0,"",,"","","",6,""
1772,877,304,,,,,,,"asymcs","vi","VibrationalNu",0,"",,"","","",6,""
1778,963,304,,,,,,,"asymcs","vi","VibrationalNu",0,"",,"","","",6,""
1784,977,304,,,,,,,"asymcs","vi","VibrationalNu",0,"",,"","","",6,""
1790,989,304,,,,,,,"asymcs","vi","VibrationalNu",0,"",,"","","",6,""
1796,994,304,,,,,,,"asymcs","vi","VibrationalNu",0,"",,"","","",6,""
1802,1003,304,,,,,,,"asymcs","vi","VibrationalNu",0,"",,"","","",6,""
1808,332,314,,,,,,,"nltcs","vi","VibrationalNu",0,"",,"","","",6,""
1814,536,314,,,,,,,"asymos","vi","VibrationalNu",0,"",,"","","",6,""
1820,541,314,,,,,,,"nltcs","vi","VibrationalNu",0,"",,"","","",6,""
1826,92,314,,,,,,,"nlp","vi","VibrationalNu",0,"",,"","","",6,""
1832,335,314,,,,,,,"nlp","vi","VibrationalNu",0,"",,"","","",6,""
1838,336,314,,,,,,,"nlp","vi","VibrationalNu",0,"",,"","","",6,""
1844,396,314,,,,,,,"nlp","vi","VibrationalNu",0,"",,"","","",6,""
1850,450,314,,,,,,,"nlp","vi","VibrationalNu",0,"",,"","","",6,""
1856,540,314,,,,,,,"nlp","vi","VibrationalNu",0,"",,"","","",6,""
1862,653,314,,,,,,,"nlp","vi","VibrationalNu",0,"",,"","","",6,""
1868,655,314,,,,,,,"nlp","vi","VibrationalNu",0,"",,"","","",6,""
1874,659,314,,,,,,,"nlp","vi","VibrationalNu",0,"",,"","","",6,""
1880,660,314,,,,,,,"nlp","vi","VibrationalNu",0,"",,"","","",6,""
1886,187,314,,,,,,,"asymcs","vi","VibrationalNu",0,"",,"","","",6,""
1892,188,314,,,,,,,"asymcs","vi","VibrationalNu",0,"",,"","","",6,""
1898,189,314,,,,,,,"asymcs","vi","VibrationalNu",0,"",,"","","",6,""
1904,190,314,,,,,,,"asymos","vi","VibrationalNu",0,"",,"","","",6,""
1910,202,314,,,,,,,"asymos","vi","VibrationalNu",0,"",,"","","",6,""
1928,779,314,,,,,,,"asymcs","vi","VibrationalNu",0,"",,"","","",6,""
1934,836,314,,,,,,,"asymcs","vi","VibrationalNu",0,"",,"","","",6,""
1940,841,314,,,,,,,"asymcs","vi","VibrationalNu",0,"",,"","","",6,""
1946,938,314,,,,,,,"asymcs","vi","VibrationalNu",0,"",,"","","",6,""
1952,985,314,,,,,,,"nltcs","vi","VibrationalNu",0,"",,"","","",6,""
2147,561,325,,,,,,,"nlp","vi","VibrationalNu",0,"",,"","","",6,""
2140,554,325,,,,,,,"nlp","vi","VibrationalNu",0,"",,"","","",6,""
2133,518,325,,,,,,,"nlp","vi","VibrationalNu",0,"",,"","","",6,""
2126,168,325,,,,,,,"nlp","vi","VibrationalNu",0,"",,"","","",6,""
2119,150,325,,,,,,,"nlp","vi","VibrationalNu",0,"",,"","","",6,""
2112,92,325,,,,,,,"nlp","vi","VibrationalNu",0,"",,"","","",6,""
2105,444,325,,,,,,,"asymos","vi","VibrationalNu",0,"",,"","","",6,""
2154,679,325,,,,,,,"nlp","vi","VibrationalNu",0,"",,"","","",6,""
2161,683,325,,,,,,,"nlp","vi","VibrationalNu",0,"",,"","","",6,""
3514,116,2305,,,,,,,"asymcs","vi","VibrationalNu",0,"",,"","","",6,""
8390,241,1404,,,,,,,"asymcs","vi","VibrationalNu",0,"",,"","","",6,""
3399,949,1404,,,,,,,"asymcs","vi","VibrationalNu",0,"",,"","","",6,""
3393,769,1404,,,,,,,"asymcs","vi","VibrationalNu",0,"",,"","","",6,""
3387,965,1404,,,,,,,"asymcs","vi","VibrationalNu",0,"",,"","","",6,""
3375,998,1404,,,,,,,"asymcs","vi","VibrationalNu",0,"",,"","","",6,""
3247,39,1404,,,,,,,"asymcs","vi","VibrationalNu",0,"",,"","","",6,""
3734,210,202,,,,,,,"stcs","vi","VibrationalNu",0,"",,"","","",6,""
3729,209,202,,,,,,,"stcs","vi","VibrationalNu",0,"",,"","","",6,""
3724,208,202,,,,,,,"stcs","vi","VibrationalNu",0,"",,"","","",6,""
3719,207,202,,,,,,,"stcs","vi","VibrationalNu",0,"",,"","","",6,""
3714,199,202,,,,,,,"stcs","vi","VibrationalNu",0,"",,"","","",6,""
3709,191,202,,,,,,,"stcs","vi","VibrationalNu",0,"",,"","","",6,""
3704,158,202,,,,,,,"stcs","vi","VibrationalNu",0,"",,"","","",6,""
3699,30,202,,,,,,,"stcs","vi","VibrationalNu",0,"",,"","","",6,""
3739,214,202,,,,,,,"stcs","vi","VibrationalNu",0,"",,"","","",6,""
3744,215,202,,,,,,,"stcs","vi","VibrationalNu",0,"",,"","","",6,""
3749,217,202,,,,,,,"stcs","vi","VibrationalNu",0,"",,"","","",6,""
3754,534,202,,,,,,,"stcs","vi","VibrationalNu",0,"",,"","","",6,""
3759,543,202,,,,,,,"stcs","vi","VibrationalNu",0,"",,"","","",6,""
3764,545,202,,,,,,,"stcs","vi","VibrationalNu",0,"",,"","","",6,""
3769,644,202,,,,,,,"stcs","vi","VibrationalNu",0,"",,"","","",6,""
3774,682,202,,,,,,,"stcs","vi","VibrationalNu",0,"",,"","","",6,""
3779,684,202,,,,,,,"stcs","vi","VibrationalNu",0,"",,"","","",6,""
3784,689,202,,,,,,,"stcs","vi","VibrationalNu",0,"",,"","","",6,""
3789,702,202,,,,,,,"stcs","vi","VibrationalNu",0,"",,"","","",6,""
3794,710,202,,,,,,,"stcs","vi","VibrationalNu",0,"",,"","","",6,""
3799,731,202,,,,,,,"stcs","vi","VibrationalNu",0,"",,"","","",6,""
3804,968,202,,,,,,,"stcs","vi","VibrationalNu",0,"",,"","","",6,""
3809,942,202,,,,,,,"stcs","vi","VibrationalNu",0,"",,"","","",6,""
3814,937,202,,,,,,,"stcs","vi","VibrationalNu",0,"",,"","","",6,""
3819,934,202,,,,,,,"stcs","vi","VibrationalNu",0,"",,"","","",6,""
3824,920,202,,,,,,,"stcs","vi","VibrationalNu",0,"",,"","","",6,""
3834,898,202,,,,,,,"stcs","vi","VibrationalNu",0,"",,"","","",6,""
3839,210,203,,,,,,,"stcs","vi","VibrationalNu",0,"",,"","","",6,""
3845,222,203,,,,,,,"stcs","vi","VibrationalNu",0,"",,"","","",6,""
3851,223,203,,,,,,,"stcs","vi","VibrationalNu",0,"",,"","","",6,""
3857,646,203,,,,,,,"stcs","vi","VibrationalNu",0,"",,"","","",6,""
3863,689,203,,,,,,,"stcs","vi","VibrationalNu",0,"",,"","","",6,""
3869,702,203,,,,,,,"stcs","vi","VibrationalNu",0,"",,"","","",6,""
3875,968,203,,,,,,,"stcs","vi","VibrationalNu",0,"",,"","","",6,""
3881,942,203,,,,,,,"stcs","vi","VibrationalNu",0,"",,"","","",6,""
3887,934,203,,,,,,,"stcs","vi","VibrationalNu",0,"",,"","","",6,""
3893,353,213,,,,,,,"stcs","vi","VibrationalNu",0,"",,"","","",6,""
3899,399,213,,,,,,,"stcs","vi","VibrationalNu",0,"",,"","","",6,""
5082,79,101,,,,,,,"lpcs","vi","VibrationalNu",0,"",,"","","",6,""
5086,84,101,,,,,,,"lpcs","vi","VibrationalNu",0,"",,"","","",6,""
5090,97,101,,,,,,,"lpcs","vi","VibrationalNu",0,"",,"","","",6,""
5094,331,101,,,,,,,"lpcs","vi","VibrationalNu",0,"",,"","","",6,""
5098,369,101,,,,,,,"lpcs","vi","VibrationalNu",0,"",,"","","",6,""
5102,377,101,,,,,,,"lpcs","vi","VibrationalNu",0,"",,"","","",6,""
5110,391,101,,,,,,,"lpcs","vi","VibrationalNu",0,"",,"","","",6,""
5114,392,101,,,,,,,"lpcs","vi","VibrationalNu",0,"",,"","","",6,""
5118,393,101,,,,,,,"lpcs","vi","VibrationalNu",0,"",,"","","",6,""
5122,394,101,,,,,,,"lpcs","vi","VibrationalNu",0,"",,"","","",6,""
5126,395,101,,,,,,,"lpcs","vi","VibrationalNu",0,"",,"","","",6,""
5130,398,101,,,,,,,"lpcs","vi","VibrationalNu",0,"",,"","","",6,""
5134,404,101,,,,,,,"lpcs","vi","VibrationalNu",0,"",,"","","",6,""
5138,411,101,,,,,,,"lpcs","vi","VibrationalNu",0,"",,"","","",6,""
5142,412,101,,,,,,,"lpcs","vi","VibrationalNu",0,"",,"","","",6,""
5146,413,101,,,,,,,"lpcs","vi","VibrationalNu",0,"",,"","","",6,""
5150,414,101,,,,,,,"lpcs","vi","VibrationalNu",0,"",,"","","",6,""
5154,415,101,,,,,,,"lpcs","vi","VibrationalNu",0,"",,"","","",6,""
5158,432,101,,,,,,,"lpcs","vi","VibrationalNu",0,"",,"","","",6,""
5162,434,101,,,,,,,"lpcs","vi","VibrationalNu",0,"",,"","","",6,""
5166,437,101,,,,,,,"lpcs","vi","VibrationalNu",0,"",,"","","",6,""
5170,440,101,,,,,,,"lpcs","vi","VibrationalNu",0,"",,"","","",6,""
5174,441,101,,,,,,,"lpcs","vi","VibrationalNu",0,"",,"","","",6,""
5178,443,101,,,,,,,"lpcs","vi","VibrationalNu",0,"",,"","","",6,""
5182,445,101,,,,,,,"lpcs","vi","VibrationalNu",0,"",,"","","",6,""
5186,451,101,,,,,,,"lpcs","vi","VibrationalNu",0,"",,"","","",6,""
5190,558,101,,,,,,,"lpcs","vi","VibrationalNu",0,"",,"","","",6,""
5194,559,101,,,,,,,"lpcs","vi","VibrationalNu",0,"",,"","","",6,""
5198,563,101,,,,,,,"lpcs","vi","VibrationalNu",0,"",,"","","",6,""
5202,564,101,,,,,,,"lpcs","vi","VibrationalNu",0,"",,"","","",6,""
5206,565,101,,,,,,,"lpcs","vi","VibrationalNu",0,"",,"","","",6,""
5210,569,101,,,,,,,"lpcs","vi","VibrationalNu",0,"",,"","","",6,""
5214,589,101,,,,,,,"lpcs","vi","VibrationalNu",0,"",,"","","",6,""
5218,594,101,,,,,,,"lpcs","vi","VibrationalNu",0,"",,"","","",6,""
5222,602,101,,,,,,,"lpcs","vi","VibrationalNu",0,"",,"","","",6,""
5226,603,101,,,,,,,"lpcs","vi","VibrationalNu",0,"",,"","","",6,""
5230,604,101,,,,,,,"lpcs","vi","VibrationalNu",0,"",,"","","",6,""
5234,605,101,,,,,,,"lpcs","vi","VibrationalNu",0,"",,"","","",6,""
5238,606,101,,,,,,,"lpcs","vi","VibrationalNu",0,"",,"","","",6,""
5242,607,101,,,,,,,"lpcs","vi","VibrationalNu",0,"",,"","","",6,""
5246,608,101,,,,,,,"lpcs","vi","VibrationalNu",0,"",,"","","",6,""
5250,610,101,,,,,,,"lpcs","vi","VibrationalNu",0,"",,"","","",6,""
5254,611,101,,,,,,,"lpcs","vi","VibrationalNu",0,"",,"","","",6,""
5258,612,101,,,,,,,"lpcs","vi","VibrationalNu",0,"",,"","","",6,""
5262,613,101,,,,,,,"lpcs","vi","VibrationalNu",0,"",,"","","",6,""
5266,617,101,,,,,,,"lpcs","vi","VibrationalNu",0,"",,"","","",6,""
5270,618,101,,,,,,,"lpcs","vi","VibrationalNu",0,"",,"","","",6,""
5274,619,101,,,,,,,"lpcs","vi","VibrationalNu",0,"",,"","","",6,""
5278,620,101,,,,,,,"lpcs","vi","VibrationalNu",0,"",,"","","",6,""
5282,621,101,,,,,,,"lpcs","vi","VibrationalNu",0,"",,"","","",6,""
5286,622,101,,,,,,,"lpcs","vi","VibrationalNu",0,"",,"","","",6,""
5290,623,101,,,,,,,"lpcs","vi","VibrationalNu",0,"",,"","","",6,""
5294,624,101,,,,,,,"lpcs","vi","VibrationalNu",0,"",,"","","",6,""
5298,625,101,,,,,,,"lpcs","vi","VibrationalNu",0,"",,"","","",6,""
5302,626,101,,,,,,,"lpcs","vi","VibrationalNu",0,"",,"","","",6,""
5306,627,101,,,,,,,"lpcs","vi","VibrationalNu",0,"",,"","","",6,""
5310,628,101,,,,,,,"lpcs","vi","VibrationalNu",0,"",,"","","",6,""
5314,629,101,,,,,,,"lpcs","vi","VibrationalNu",0,"",,"","","",6,""
5318,649,101,,,,,,,"lpcs","vi","VibrationalNu",0,"",,"","","",6,""
5322,650,101,,,,,,,"lpcs","vi","VibrationalNu",0,"",,"","","",6,""
5326,662,101,,,,,,,"lpcs","vi","VibrationalNu",0,"",,"","","",6,""
5330,665,101,,,,,,,"lpcs","vi","VibrationalNu",0,"",,"","","",6,""
5334,666,101,,,,,,,"lpcs","vi","VibrationalNu",0,"",,"","","",6,""
5338,667,101,,,,,,,"lpcs","vi","VibrationalNu",0,"",,"","","",6,""
5342,668,101,,,,,,,"lpcs","vi","VibrationalNu",0,"",,"","","",6,""
5346,669,101,,,,,,,"lpcs","vi","VibrationalNu",0,"",,"","","",6,""
5350,670,101,,,,,,,"lpcs","vi","VibrationalNu",0,"",,"","","",6,""
5354,671,101,,,,,,,"lpcs","vi","VibrationalNu",0,"",,"","","",6,""
5358,672,101,,,,,,,"lpcs","vi","VibrationalNu",0,"",,"","","",6,""
5362,673,101,,,,,,,"lpcs","vi","VibrationalNu",0,"",,"","","",6,""
5366,674,101,,,,,,,"lpcs","vi","VibrationalNu",0,"",,"","","",6,""
5370,675,101,,,,,,,"lpcs","vi","VibrationalNu",0,"",,"","","",6,""
5374,686,101,,,,,,,"lpcs","vi","VibrationalNu",0,"",,"","","",6,""
5378,687,101,,,,,,,"lpcs","vi","VibrationalNu",0,"",,"","","",6,""
5382,688,101,,,,,,,"lpcs","vi","VibrationalNu",0,"",,"","","",6,""
5386,690,101,,,,,,,"lpcs","vi","VibrationalNu",0,"",,"","","",6,""
5390,691,101,,,,,,,"lpcs","vi","VibrationalNu",0,"",,"","","",6,""
5394,692,101,,,,,,,"lpcs","vi","VibrationalNu",0,"",,"","","",6,""
5398,713,101,,,,,,,"lpcs","vi","VibrationalNu",0,"",,"","","",6,""
5402,1001,101,,,,,,,"lpcs","vi","VibrationalNu",0,"",,"","","",6,""
5406,996,101,,,,,,,"lpcs","vi","VibrationalNu",0,"",,"","","",6,""
5410,986,101,,,,,,,"lpcs","vi","VibrationalNu",0,"",,"","","",6,""
5414,981,101,,,,,,,"lpcs","vi","VibrationalNu",0,"",,"","","",6,""
5418,980,101,,,,,,,"lpcs","vi","VibrationalNu",0,"",,"","","",6,""
5422,978,101,,,,,,,"lpcs","vi","VibrationalNu",0,"",,"","","",6,""
5426,972,101,,,,,,,"lpcs","vi","VibrationalNu",0,"",,"","","",6,""
5430,964,101,,,,,,,"lpcs","vi","VibrationalNu",0,"",,"","","",6,""
5434,958,101,,,,,,,"lpcs","vi","VibrationalNu",0,"",,"","","",6,""
5438,959,101,,,,,,,"lpcs","vi","VibrationalNu",0,"",,"","","",6,""
5442,960,101,,,,,,,"lpcs","vi","VibrationalNu",0,"",,"","","",6,""
5450,946,101,,,,,,,"lpcs","vi","VibrationalNu",0,"",,"","","",6,""
5454,936,101,,,,,,,"lpcs","vi","VibrationalNu",0,"",,"","","",6,""
5462,932,101,,,,,,,"lpcs","vi","VibrationalNu",0,"",,"","","",6,""
5466,908,101,,,,,,,"lpcs","vi","VibrationalNu",0,"",,"","","",6,""
5470,905,101,,,,,,,"lpcs","vi","VibrationalNu",0,"",,"","","",6,""
5474,903,101,,,,,,,"lpcs","vi","VibrationalNu",0,"",,"","","",6,""
5478,904,101,,,,,,,"lpcs","vi","VibrationalNu",0,"",,"","","",6,""
5482,899,101,,,,,,,"lpcs","vi","VibrationalNu",0,"",,"","","",6,""
6199,526,102,,,,,,,"lp","vi","VibrationalNu",0,"",,"","","",6,""
6194,520,102,,,,,,,"lpos","vi","VibrationalNu",0,"",,"","","",6,""
6184,467,102,,,,,,,"ltos","vi","VibrationalNu",0,"",,"","","",6,""
6174,414,102,,,,,,,"lpcs","vi","VibrationalNu",0,"",,"","","",6,""
6169,413,102,,,,,,,"lpcs","vi","VibrationalNu",0,"",,"","","",6,""
6164,412,102,,,,,,,"lpcs","vi","VibrationalNu",0,"",,"","","",6,""
6159,411,102,,,,,,,"lpcs","vi","VibrationalNu",0,"",,"","","",6,""
6154,407,102,,,,,,,"ltos","vi","VibrationalNu",0,"",,"","","",6,""
6149,406,102,,,,,,,"lpcs","vi","VibrationalNu",0,"",,"","","",6,""
6144,395,102,,,,,,,"lpcs","vi","VibrationalNu",0,"",,"","","",6,""
6139,393,102,,,,,,,"lpcs","vi","VibrationalNu",0,"",,"","","",6,""
6134,392,102,,,,,,,"lpcs","vi","VibrationalNu",0,"",,"","","",6,""
6129,391,102,,,,,,,"lpcs","vi","VibrationalNu",0,"",,"","","",6,""
6124,377,102,,,,,,,"lpcs","vi","VibrationalNu",0,"",,"","","",6,""
6119,376,102,,,,,,,"lp","vi","VibrationalNu",0,"",,"","","",6,""
6114,372,102,,,,,,,"lp","vi","VibrationalNu",0,"",,"","","",6,""
6109,369,102,,,,,,,"lpcs","vi","VibrationalNu",0,"",,"","","",6,""
6099,164,102,,,,,,,"ltos","vi","VibrationalNu",0,"",,"","","",6,""
6079,84,102,,,,,,,"lpcs","vi","VibrationalNu",0,"",,"","","",6,""
6204,532,102,,,,,,,"lpos","vi","VibrationalNu",0,"",,"","","",6,""
6209,592,102,,,,,,,"lpcs","vi","VibrationalNu",0,"",,"","","",6,""
6214,594,102,,,,,,,"lpcs","vi","VibrationalNu",0,"",,"","","",6,""
6219,617,102,,,,,,,"lpcs","vi","VibrationalNu",0,"",,"","","",6,""
6224,632,102,,,,,,,"lpos","vi","VibrationalNu",0,"",,"","","",6,""
6229,637,102,,,,,,,"ltos","vi","VibrationalNu",0,"",,"","","",6,""
6234,641,102,,,,,,,"lpos","vi","VibrationalNu",0,"",,"","","",6,""
6239,642,102,,,,,,,"lp","vi","VibrationalNu",0,"",,"","","",6,""
6244,643,102,,,,,,,"lpos","vi","VibrationalNu",0,"",,"","","",6,""
6249,661,102,,,,,,,"lpcs","vi","VibrationalNu",0,"",,"","","",6,""
6254,662,102,,,,,,,"lpcs","vi","VibrationalNu",0,"",,"","","",6,""
6259,667,102,,,,,,,"lpcs","vi","VibrationalNu",0,"",,"","","",6,""
6264,668,102,,,,,,,"lpcs","vi","VibrationalNu",0,"",,"","","",6,""
6269,669,102,,,,,,,"lpcs","vi","VibrationalNu",0,"",,"","","",6,""
6274,670,102,,,,,,,"lpcs","vi","VibrationalNu",0,"",,"","","",6,""
6279,671,102,,,,,,,"lpcs","vi","VibrationalNu",0,"",,"","","",6,""
6284,672,102,,,,,,,"lpcs","vi","VibrationalNu",0,"",,"","","",6,""
6289,673,102,,,,,,,"lpcs","vi","VibrationalNu",0,"",,"","","",6,""
6294,674,102,,,,,,,"lpcs","vi","VibrationalNu",0,"",,"","","",6,""
6299,681,102,,,,,,,"lp","vi","VibrationalNu",0,"",,"","","",6,""
6304,687,102,,,,,,,"lpcs","vi","VibrationalNu",0,"",,"","","",6,""
6309,996,102,,,,,,,"lpcs","vi","VibrationalNu",0,"",,"","","",6,""
6314,980,102,,,,,,,"lpcs","vi","VibrationalNu",0,"",,"","","",6,""
6324,932,102,,,,,,,"lpcs","vi","VibrationalNu",0,"",,"","","",6,""
6329,908,102,,,,,,,"lpcs","vi","VibrationalNu",0,"",,"","","",6,""
6334,905,102,,,,,,,"lpcs","vi","VibrationalNu",0,"",,"","","",6,""
6339,904,102,,,,,,,"lpcs","vi","VibrationalNu",0,"",,"","","",6,""
6346,402,103,,,,,,,"lp","vi","VibrationalNu",0,"",,"","","",6,""
6352,403,103,,,,,,,"lp","vi","VibrationalNu",0,"",,"","","",6,""
6358,411,103,,,,,,,"lpcs","vi","VibrationalNu",0,"",,"","","",6,""
6377,338,112,,,,,,,"lp","vi","VibrationalNu",0,"",,"","","",6,""
6387,345,112,,,,,,,"lpos","vi","VibrationalNu",0,"",,"","","",6,""
6407,362,112,,,,,,,"lpos","vi","VibrationalNu",0,"",,"","","",6,""
6442,520,114,,,,,,,"lpos","vi","VibrationalNu",0,"",,"","","",6,""
6449,641,114,,,,,,,"lpos","vi","VibrationalNu",0,"",,"","","",6,""
6461,54,123,,,,,,,"ltos","vi","VibrationalNu",0,"",,"","","",6,""
6473,337,123,,,,,,,"lpos","vi","VibrationalNu",0,"",,"","","",6,""
6479,341,123,,,,,,,"lpos","vi","VibrationalNu",0,"",,"","","",6,""
6485,390,123,,,,,,,"lpos","vi","VibrationalNu",0,"",,"","","",6,""
6499,466,124,,,,,,,"lpos","vi","VibrationalNu",0,"",,"","","",6,""
6518,354,133,,,,,,,"lp","vi","VibrationalNu",0,"",,"","","",6,""
6530,362,133,,,,,,,"lpos","vi","VibrationalNu",0,"",,"","","",6,""
6536,367,133,,,,,,,"lpos","vi","VibrationalNu",0,"",,"","","",6,""
6554,552,133,,,,,,,"ltos","vi","VibrationalNu",0,"",,"","","",6,""
6560,577,133,,,,,,,"lpos","vi","VibrationalNu",0,"",,"","","",6,""
6567,387,144,,,,,,,"lpos","vi","VibrationalNu",0,"",,"","","",6,""
6574,388,144,,,,,,,"lpos","vi","VibrationalNu",0,"",,"","","",6,""
6581,389,144,,,,,,,"lpos","vi","VibrationalNu",0,"",,"","","",6,""
6595,60,154,,,,,,,"ltos","vi","VibrationalNu",0,"",,"","","",6,""
6602,363,154,,,,,,,"lpos","vi","VibrationalNu",0,"",,"","","",6,""
6609,364,154,,,,,,,"lpos","vi","VibrationalNu",0,"",,"","","",6,""
6616,365,154,,,,,,,"lpos","vi","VibrationalNu",0.5,"",,"","","",6,""
6623,366,154,,,,,,,"lpos","vi","VibrationalNu",0,"",,"","","",6,""
6901,375,202,,,,,,,"lp","vi","VibrationalNu",0,"",,"","","",6,""
6895,374,202,,,,,,,"lp","vi","VibrationalNu",0,"",,"","","",6,""
6889,373,202,,,,,,,"lp","vi","VibrationalNu",0,"",,"","","",6,""
6997,433,202,,,,,,,"lpcs","vi","VibrationalNu",0,"",,"","","",6,""
7003,434,202,,,,,,,"lpcs","vi","VibrationalNu",0,"",,"","","",6,""
7015,556,202,,,,,,,"lpcs","vi","VibrationalNu",0,"",,"","","",6,""
7021,567,202,,,,,,,"lpcs","vi","VibrationalNu",0,"",,"","","",6,""
7109,476,213,,,,,,,"ltos","vi","VibrationalNu",0,"",,"","","",6,""
7116,574,213,,,,,,,"lpos","vi","VibrationalNu",0,"",,"","","",6,""
7123,588,213,,,,,,,"lpos","vi","VibrationalNu",0,"",,"","","",6,""
7130,685,213,,,,,,,"lpos","vi","VibrationalNu",0,"",,"","","",6,""
7147,439,224,,,,,,,"lpos","vi","VibrationalNu",0,"",,"","","",6,""
7155,492,224,,,,,,,"lp","vi","VibrationalNu",0,"",,"","","",6,""
7163,574,224,,,,,,,"lpos","vi","VibrationalNu",0,"",,"","","",6,""
7171,638,224,,,,,,,"lpos","vi","VibrationalNu",0,"",,"","","",6,""
7179,657,224,,,,,,,"lpos","vi","VibrationalNu",0,"",,"","","",6,""
7187,678,224,,,,,,,"lpos","vi","VibrationalNu",0,"",,"","","",6,""
7195,788,224,,,,,,,"lpos","vi","VibrationalNu",0,"",,"","","",6,""
7203,928,224,,,,,,,"ltos","vi","VibrationalNu",0,"",,"","","",6,""
7211,177,234,,,,,,,"ltos","vi","VibrationalNu",0,"",,"","","",6,""
7219,229,234,,,,,,,"ltos","vi","VibrationalNu",0,"",,"","","",6,""
7227,453,234,,,,,,,"ltos","vi","VibrationalNu",0,"",,"","","",6,""
7235,454,234,,,,,,,"ltos","vi","VibrationalNu",0,"",,"","","",6,""
7243,476,234,,,,,,,"ltos","vi","VibrationalNu",0,"",,"","","",6,""
7251,503,234,,,,,,,"lp","vi","VibrationalNu",0,"",,"","","",6,""
7259,588,234,,,,,,,"lpos","vi","VibrationalNu",0,"",,"","","",6,""
7268,582,255,,,,,,,"lpos","vi","VibrationalNu",0,"",,"","","",6,""
7277,583,255,,,,,,,"lpos","vi","VibrationalNu",0,"",,"","","",6,""
7286,584,255,,,,,,,"lpos","vi","VibrationalNu",0,"",,"","","",6,""
7295,585,255,,,,,,,"lpos","vi","VibrationalNu",0,"",,"","","",6,""
7304,586,255,,,,,,,"lpos","vi","VibrationalNu",0,"",,"","","",6,""
7313,587,255,,,,,,,"lpos","vi","VibrationalNu",0,"",,"","","",6,""
7322,997,255,,,,,,,"ltos","vi","VibrationalNu",0,"",,"","","",6,""
7331,979,255,,,,,,,"ltos","vi","VibrationalNu",0,"",,"","","",6,""
8393,507,1404,,,,,,,"asymcs","vi","VibrationalNu",0,"",,"","","",6,""
7897,703,99804,,,,,,,"asymcs","vi","VibrationalNu",0,"",,"","","",6,""
8391,237,1404,,,,,,,"asymcs","vi","VibrationalNu",0,"",,"","","",6,""
8389,455,1404,,,,,,,"asymcs","vi","VibrationalNu",0,"",,"","","",6,""
8392,991,1404,,,,,,,"asymcs","vi","VibrationalNu",0,"",,"","","",6,""
8394,506,1404,,,,,,,"asymcs","vi","VibrationalNu",0,"",,"","","",6,""
8954,1049,303,,,,,,,"asymcs","vi","",0,"",,"0","","",,""
8969,703,1404,,,,,,,"asymcs","vi","",0,"",,"","","",,""
8978,1051,112,,,,,,,"","vi","",0,"",,"0","","",2,""
